{
    "rainfall": [
        0,
        0,
        0,
        0,
        0,
        0,
        0,
        0,
        0,
        0,
        0,
        0,
        0,
        0,
        0,
        0,
        0,
        0,
        0,
        0,
        0,
        0,
        0,
        0,
        0,
        0,
        0,
        0,
        0.009999999776482582,
        0,
        0,
        0,
        0,
        0,
        0,
        0,
        0,
        0,
        0,
        0,
        0,
        0,
        0,
        0,
        0,
        0,
        0,
        0,
        0,
        0,
        0,
        0,
        0,
        0,
        0,
        0,
        0,
        0,
        0,
        0,
        0,
        0,
        0,
        0,
        0.019999999552965164,
        0,
        0,
        0,
        0.5400000065565109,
        0,
        0,
        0,
        0.559999980032444,
        0,
        0,
        0,
        0.029999999329447746,
        0,
        0,
        0,
        0,
        0,
        0,
        0,
        0,
        0,
        0,
        0,
        0,
        0,
        0,
        0,
        0,
        0,
        0,
        0
    ],
    "prediction": [
        0.8842509984970093,
        0.9301000237464905,
        0.9142701029777527,
        0.8886880874633789,
        0.7457619905471802,
        0.821273684501648,
        0.7781087160110474,
        0.7590980529785156,
        0.6475505232810974,
        0.6515377759933472,
        0.6294465065002441,
        0.672543466091156,
        0.6115579605102539,
        0.5893776416778564,
        0.5722284913063049,
        0.569176971912384,
        0.6224385499954224,
        0.6055412292480469,
        0.6154301762580872,
        0.6369574069976807,
        0.7637304663658142,
        0.8347955346107483,
        0.92775559425354,
        0.9310613870620728,
        0.9961886405944824,
        1.0427302122116089,
        1.1052719354629517,
        1.2157083749771118,
        1.2968701124191284,
        1.2861016988754272,
        1.473293662071228,
        1.430905818939209,
        1.547142505645752,
        1.5948539972305298,
        1.4364863634109497,
        1.5287423133850098,
        1.4958845376968384,
        1.6397207975387573,
        1.5701138973236084,
        1.6346105337142944,
        1.678443431854248,
        1.736547827720642,
        1.690386414527893,
        1.7140626907348633,
        1.7589459419250488,
        1.8170726299285889,
        1.8012077808380127,
        1.8268426656723022,
        1.8862957954406738,
        1.8959605693817139,
        1.8310890197753906,
        1.7820056676864624,
        1.76250159740448,
        1.7420258522033691,
        1.6952604055404663,
        1.648055911064148,
        1.68905770778656,
        1.7046418190002441,
        1.6353405714035034,
        1.6227678060531616,
        1.5757306814193726,
        1.6171306371688843,
        1.5956614017486572,
        1.5924776792526245,
        1.685075044631958,
        1.543207049369812,
        1.5830864906311035,
        1.6353405714035034,
        1.6295058727264404,
        1.582724928855896,
        1.7887744903564453,
        2.17915678024292,
        2.357321262359619,
        2.6427812576293945,
        2.5550990104675293,
        2.74540638923645,
        3.1917762756347656,
        3.320841073989868,
        5.951943397521973,
        7.386740207672119,
        6.62485933303833,
        4.4015421867370605,
        3.5180578231811523,
        3.2539408206939697,
        3.0444955825805664,
        2.806304931640625,
        2.494539737701416,
        2.691791534423828,
        2.367877960205078,
        2.121840476989746,
        2.204331636428833,
        1.820478916168213,
        1.7170295715332031,
        1.6852225065231323,
        1.5442800521850586,
        1.5327562093734741
    ],
    "flow": [
        1.054384469985962,
        0.9877036809921265,
        0.9363301396369934,
        0.7883138656616211,
        0.7917253375053406,
        0.8395194411277771,
        0.8431550860404968,
        0.7632240056991577,
        0.7764120101928711,
        0.6854997873306274,
        0.6516711711883545,
        0.6217049360275269,
        0.6201340556144714,
        0.6034666299819946,
        0.601911723613739,
        0.7223910093307495,
        0.6252699494361877,
        0.68207848072052,
        0.7394155263900757,
        0.7477693557739258,
        0.9500166177749634,
        0.7448418140411377,
        0.8058520555496216,
        0.9458407163619995,
        1.1612558364868164,
        1.28811776638031,
        1.2360366582870483,
        1.348609447479248,
        1.430905818939209,
        1.3908421993255615,
        1.4177513122558594,
        1.550724983215332,
        1.6084154844284058,
        1.538202166557312,
        1.5874184370040894,
        1.7964568138122559,
        1.7170295715332031,
        1.6866977214813232,
        1.6605839729309082,
        1.617857813835144,
        1.7454947233200073,
        2.1123504638671875,
        1.9491878747940063,
        1.4807630777359009,
        1.7315210103988647,
        1.7231558561325073,
        1.7865180969238281,
        1.8826175928115845,
        1.791597843170166,
        1.820478916168213,
        1.8182072639465332,
        1.750535488128662,
        1.728174090385437,
        1.772994875907898,
        1.7162885665893555,
        1.6868451833724976,
        1.7348712682724,
        1.6053314208984375,
        1.6134974956512451,
        1.6992523670196533,
        1.799320936203003,
        1.5303475856781006,
        1.5690349340438843,
        1.576595664024353,
        1.5625640153884888,
        1.5888636112213135,
        1.5755152702331543,
        1.5798399448394775,
        1.467664122581482,
        1.4476698637008667,
        1.5058047771453857,
        1.6305989027023315,
        1.6161127090454102,
        1.5852526426315308,
        1.5114840269088745,
        1.548217535018921,
        1.5955530405044556,
        1.6138602495193481,
        1.5581014156341553,
        1.6032345294952393,
        1.5947929620742798,
        1.5650790929794312,
        1.5217949151992798,
        1.6324214935302734,
        1.6140422821044922,
        1.5075788497924805,
        1.526604175567627,
        1.443682074546814,
        1.4987162351608276,
        1.4787538051605225,
        1.4222009181976318,
        1.4450457096099854,
        1.418168306350708,
        1.353222370147705,
        1.1607694625854492,
        1.1713943481445312
    ],